iteration,b0,b1,b2,b3,q,r,h,loglik,predicted,var,actual
0,0.001213258936531617,0.9308799704832353,-0.3571037593914395,0.4251857501748395,0.08358831968071508,0.047065978492604216,0.19188118816882432,-9764.593442566444,-4.416987075521699,0.09028269948861882,-3.666276606591011
1,0.0010350826921419255,0.9171583517770769,-0.40818833829919715,0.4898377453939589,0.07309177052772314,0.006069011425455918,0.18775260115606177,-9766.512339765271,-3.986487067542356,0.09270381014084897,-3.9096767429219987
2,0.0007578912951405523,0.9144972725035702,-0.39083156421860465,0.4750005300378304,0.08070411399632738,0.07231749452196419,0.1964267878018053,-9766.486343935001,-4.019052710494818,0.08750643892232282,-3.9752585159551943
3,0.0009581238997649646,0.8960732312031567,-0.48102053015694285,0.5836841920023197,0.04899278557406114,0.023627969483668805,0.1866379777156425,-9764.957052392545,-4.111796957483616,0.09154637149108931,-3.837386297174976
4,0.0006558664460558502,0.8835397176839674,-0.19426872180119675,0.30945781233466096,0.13808570053945118,0.13554974158201516,0.2300199327697775,-9766.775004451702,-4.041255083596013,0.0755976915101224,-4.232852072213243
